Nazwa metryki,Skrót,Jednostka,Opis metryki (200),Dolna norma M,Górna norma M,Dolna norma K,Górna norma K
Leukocyty,WBC,G/l,Krwinki białe (leukocyty) -  komórki odpornościowe krwi. Wyróżnia się ich 5 typów: granulocyty obojętnochłonne (neutrofile), kwasochłonne (eozynofile), zasadochłonne (bazofile), limfocyty i monocyty.,3.50,10.00,3.50,10.00
Erytrocyty,RBC,T/l,Erytrocyty, krwinki czerwone, to komórki transportujące tlen z płuc do wszystkich tkanek  organizmu, a także dwutlenek węgla z tkanek do płuc, skąd jest wydalany do powietrza atmosferycznego.,4.50,6.50,4.50,6.50
Hemoglobina,Hb,g/dl,Hemoglobina to cząsteczka białka - globuliny i hemu zawierającego cząsteczkę żelaza (Fe) w krwinkach czerwonych.  Odpowiada za transport tlenu z płuc do tkanek organizmu i z powrotem dwutlenku węgla.,13.00,18.00,12.00,16.00
Hematokryt,Ht,%,Hematokryt to parametr informujący, jaki procent całej objętości krwi krążącej w organizmie stanowią krwinki czerwone. ,40.00,54.00,37.00,47.00
MCV,MCV,fl,MCV to skrót od \"mean corpuscular volume\" czyli średniej objętości krwinki. Oblicza się ją, dzieląc hematokryt (Ht) przez liczbę erytrocytów.,83.00,103.00,83.00,103.00
MCH,MCH,PG,MCH to skrót od \"Mean Corpuscular Hemoglobin\". Oznacza średnią masę hemoglobiny w erytrocycie, czyli czerwonej krwince.,28.00,34.00,28.00,34.00
MCHC,MCHC,g/dl,MCHC to parametr określający średnie stężenie hemoglobiny w krwince czerwonej. ,32.00,36.00,32.00,36.00
Płytki krwi,PLT,G/l,Płytki krwi (trombocyty) to bezjądrzaste komórki powstające szpiku kostnym. Główną rolą trombocytów jest udział w procesach krzepnięcia krwi.,125.00,400.00,125.00,400.00
Współczynnik zmienności rozkładu objętości erytrocytów,RDW-CV,%, wskaźnik mówiący, jak bardzo różni się objętość poszczególnych erytrocytów od wartości średniej (MCV),11.50,14.50,11.50,14.50
Współczynnik zmienności rozkładu objętości płytek krwi,PDW,fL, wskaźnik mówiący, jak bardzo różni się objętość poszczególnych płytek krwi od wartości średniej (MPV),9.80,16.20,9.80,16.20
Średnia objętość płytki ,MPV,fL,MPV to parametr opisujący średnią objętość płytki krwi (trombocyta),9.00,12.60,9.00,12.60
Płytkokryt (hematokryt płytkowy),PCT,%, stosunek masy krążących płytek krwi do całkowitej objętości krwi,0.14,0.36,0.14,0.36
% neutrocytów ,,%,Rozmaz automatyczny wykonywany jest przez specjalne urządzenie. Pokazuje procentowy udział różnych podtypów leukocytów. W przypadku odchyleń w wyniku warto wykonać rozmaz mikroskopowy (manualny).,45.00,70.00,45.00,70.00
% limfocytów,,%,Rozmaz automatyczny wykonywany jest przez specjalne urządzenie. Pokazuje procentowy udział różnych podtypów leukocytów. W przypadku odchyleń w wyniku warto wykonać rozmaz mikroskopowy (manualny).,20.00,45.00,20.00,45.00
% monocytów,,%,Rozmaz automatyczny wykonywany jest przez specjalne urządzenie. Pokazuje procentowy udział różnych podtypów leukocytów. W przypadku odchyleń w wyniku warto wykonać rozmaz mikroskopowy (manualny).,4.00,12.00,4.00,12.00
% eozynocytów,,%,Rozmaz automatyczny wykonywany jest przez specjalne urządzenie. Pokazuje procentowy udział różnych podtypów leukocytów. W przypadku odchyleń w wyniku warto wykonać rozmaz mikroskopowy (manualny).,0.00,5.00,0.00,5.00
% bazocytów,,%,Rozmaz automatyczny wykonywany jest przez specjalne urządzenie. Pokazuje procentowy udział różnych podtypów leukocytów. W przypadku odchyleń w wyniku warto wykonać rozmaz mikroskopowy (manualny).,0.00,1.00,0.00,1.00
% niedojrzałych granulocytów (IG),,%,Rozmaz automatyczny wykonywany jest przez specjalne urządzenie. Pokazuje procentowy udział różnych podtypów leukocytów. W przypadku odchyleń w wyniku warto wykonać rozmaz mikroskopowy (manualny).,0.00,0.60,0.00,0.60
Neutrofile,NEUT,G/l,Neutrofile (granulocyty obojętnochłonne) - największa grupa leukocytów. Są pierwszą linią obrony organizmu przed drobnoustrojami. ,1.80,7.70,1.80,7.70
Limfocyty,LYM,G/l,Rodzaj białych krwinek, który dzieli się na 2 typy - limfocyty B - odpowiedzialne głównie za tworzenie przeciwciał oraz limfocyty T, odpowiedzialne za bezpośrednie niszczenie antygenów,1.00,5.00,1.00,5.00
Monocyty,MONO,G/l,Monocyty - jedna z pięciu grup wchodzących w skład leukocytów. Ich rola polega wydzielaniu substancji regulujących pracę układu immunologicznego i usuwanie bakterii oraz nieprawidłowych komórek.,0.00,0.80,0.00,0.80
Aminotransferaza alaninowa,ALAT,U/l,Aminotransferaza alaninowa to enzym występujący głównie w wątrobie oraz mięśniach. Prawidłowo występuje wewnątrz komórek - zwiększenie aktywności we krwi wskazuje na ich uszkodzenie.,5.00,40.00,5.00,40.00
Aminotransferaza asparaginowa,AspAT,U/l,Aminotransferaza asparaginowa to enzym występujący głównie w wątrobie oraz mięśniach. Prawidłowo występuje wewnątrz komórek - zwiększenie aktywności we krwi wskazuje na ich uszkodzenie.,5.00,40.00,5.00,40.00
Ateńska Skala Bezsenności,,pkt,Skala ta składa się z 8 pytań oceniających: zasypianie, budzenie się w nocy, rano, czas i jakość snu, samopoczucie, sprawność psychiczną i fizyczną następnego dnia oraz senność w ciągu dnia,0.00,7.00,0.00,7.00
Badanie ogólne moczu,,,Badanie ogólne moczu - w badaniu oceniane są: ciężar właściwy, kolor, pH oraz obecność nieprawidłowych komórek i związków.,,,,
Badanie ogólne moczu - azotyny,,Brak/Obecne,Azotyny w moczu mogą świadczyć o zakażeniu układu moczowego,,,,
Badanie ogólne moczu - barwa,,żółty/inny,Ocena koloru moczu,,,,
Badanie ogólne moczu - białko,,Brak/Obecne,Obecność białka w moczu może świadczyć o uszkodzeniu nerek bądź zachodzącym procesie zapalnym, np. odmiedniczkowym zapaleniu nerek,,,,
Badanie ogólne moczu - bilirubina,,brak,Obecność bilirubiny w badaniu moczu może świadczyć o współistniejącej chorobie wątroby.,,,,
Badanie ogólne moczu - ciężar właściwy,,g/ml,Odzwierciedla zawartość w moczu produktów przemiany materii i ich zagęszczenia,1.01,1.03,1.01,1.03
Badanie ogólne moczu - erytrocyty,,µl,Obecność erytrocytów w moczu może świadczyć o krwawieniu w obrębie układu moczowego lub uszkodzeniu kłębuszków nerkowych czy zakażeniu układu moczowego,0.00,0.00,0.00,0.00
Badanie ogólne moczu - glukoza,,Brak/Obecna,Obecność glukozy w moczu może świadczyć o niewyrównanej cukrzycy.,,,,
Badanie ogólne moczu - ketony,,mg/dl,Stwierdzenie ciał ketonowych w moczu świadczy o tym, że organizm z jakiegoś powodu zaczął pobierać energię z tłuszczów,0.00,0.00,0.00,0.00
Badanie ogólne moczu - leukocyty,,Brak/Obecne,Obecność leukocytów w moczu może sugerować infekcję układu moczowego, w tym odmiedniczkowe zapalenie nerek,,,,
Badanie ogólne moczu - pH,,brak,Wskaźnik pomagający określić stan równowagi kwasowo-zasadowej organizmu,4.80,7.40,4.80,7.40
Badanie ogólne moczu - przejrzystość,,przejrzysty/mętny,Ocena przejrzystości moczu,,,,
Badanie ogólne moczu - urobilinogen,,mg/dl,Urobilinogen jest związkiem, który powstaje w wyniku działania enzymów bakteryjnych na bilirubinę. Podwyższony poziom może świadczyć o chorobach wątroby.,0.00,1.00,0.00,1.00
białko C-reaktywne,CRP,mg/l,parametr oceniający występowanie stanu zapalnego w organizmie,0.00,10.00,0.00,10.00
Ból podczas miesiączki,,TAK/NIE,Bolesne miesiączkowanie spowodowane jest nadmierną czynnością skurczową macicy związaną z krwawieniem. Wyróżnia się postać pierwotną (od początku miesiączkowania krwawienie jest bolesne) oraz wtórną.,,,,
Cardio risk calculator,,Jednostka,Kalkulator oceny ryzyka sercowo-naczyniowego biorący pod uwagę nie tylko powszechnie wykorzystywaną skalę SCORE, ale też m.in. wywiad cukrzycy, chorób nerek, kardiologiczny wywiad rodzinny,,,,
cechy bólu pleców,,TAK/NIE,1.Początek bólu po wysiłku 2. Poprawa po odpoczynku 3. Nasilenie bólu przy ruchach 4. Obrzęki stawów obwodowych nie występują. Jedna lub więcej twierdzących odpowiedzi sugeruje ból na tle mechanicznym,0.00,0.00,0.00,0.00
Cechy podejrzanej zmiany,,TAK/NIE,Odróżnienie czerniaka od pieprzyka może być trudne, ale istnieją pewne charakterystyczne cechy, na które należy zwrócić uwagę.,0.00,0.00,0.00,0.00
Cholesterol,,mg/dl,Cholesterol jest lipidem, który w organizmie odpowiada m.in. za syntezę witamin oraz niektórych hormonów. Jest także składnikiem błon komórkowych.,114.00,200.00,114.00,200.00
ciśnienie rozkurczowe,DBP,, ciśnienie tętnicze generowane w tętnicach w trakcie rozkurczu serca. ,60.00,90.00,60.00,90.00
ciśnienie skurczowe,SBP,mmHg, ciśnienie tętnicze generowane w tętnicach w trakcie skurczu serca.,100.00,139.00,100.00,139.00
cytologia,,Prawidłowa/nieprawidłowa,"Cytologia polega na pobraniu wymazu z szyjki macicy za pomocą specjalnej szczoteczki, a następnie ocenie materiału przez cytologa lub histopatologa. Jest to badanie przesiewowe raka szyjki macicy.
Czynniki ryzyka osteoporozy,,TAK/NIE,Czynniki, które potęgują niebezpieczeństwo wystąpienia tej choroby to palenie tytoniu, nadmierne spożycie kawy, niedobory wapnia, witaminy D i białka w diecie, ale nie tylko,0.00,0.00,0.00,0.00
Czynniki ryzyka progresji Covid-19 do ciężkiej postaci choroby,,pkt,W potwierdzonej infekcji Covid-19 o przebiegu łagodnym do umiarkowanego, z czynnikami ryzyka progresji do ciężkiej postaci istnieje możliwość otrzymania leku przeciwwirusowego (molnupirawir-Lagevrio),0.00,0.00,0.00,0.00
Czynniki ryzyka raka przełyku,,TAK/NIE,Do głównych przyczyn i czynników ryzyka mających wpływ na podwyższone ryzyko rozwoju raka przełyku należą palenie tytoniu i spożywanie alkoholu, ale nie są to jedyne znane czynniki ryzyka raka przełyku,0.00,0.00,0.00,0.00
Czynniki ryzyka raka szyjki macicy,,pkt,Wywiad dotyczący potencjalnych czynników zwiększających ryzyko rozwoju raka szyjki macicy,0.00,0.00,0.00,0.00
Czynniki ryzyka raka żołądka,,TAK/NIE,"Do wzrostu ryzyka rozwoju raka żołądka w istotny sposób przyczyniają się warunki środowiskowe, w tym dieta, złożona z produktów sztucznie konserwowanych, solonych i wędzonych, ale nie tylko.",0.00,0.00,0.00,0.00
Densytometria,DXA, T-score,Densytometria to badanie rentgenowskie kości wykorzystujące niewielkie dawki promieniowania wykonywane w celu oceny zaawansowania osteopenii i osteoporozy.,-1.00,1.00,-1.00,1.00
długość cyklu miesięcznego,,dni,Cykl miesiączkowy rozpoczyna się wraz z pierwszym dniem krwawienia, a kończy tuż przed następną menstruacją. Prawidłowy cykl kobiety może trwać od 21 do 35 dni, średnio 28dni.,,,21.00,35.00
elektrokardiografia,EKG,prawidłowy zapis/ nieprawidłowy zapis,Nieinwazyjne badanie wykonywane przy pomocy elektrod umieszczonych na klatce piersiowej pacjenta i na kończynach, wykorzystywane w celu wykrycia zaburzeń pracy serca. ,,,,
Eozynofile,EOS,G/l,Eozynofile (granulocyty kwasochłonne) - jedna z pięciu grup wchodzących w skład leukocytów. Ich główną rolą jest zwalczanie zakażeń pasożytniczych oraz udział w reakcjach alergicznych.,0.00,0.45,0.00,0.45
Bazofile,BASO,G/l,Bazofile (granulocyty zasadochłonne) - jedna z pięciu grup wchodzących w skład leukocytów. Biorą udział w procesach zapalnych, szczególnie w reakcjach alergicznych i anafilaktycznych.,0.00,0.20,0.00,0.20
Niedojrzałe granulocyty (IG),,G/L,Niedojrzałe granulocyty - młodociane formy białych krwinek (leukocytów),0.00,0.09,0.00,0.09
Ferrytyna,,ng/ml,Ferrytyna to główny magazyn żelaza. Stanowi jego aktywną pulę zapasową, która może zostać od razu wykorzystana do syntezy.,4.60,204.00,4.60,204.00
fosfataza alkaliczna,ALP,U/l,enzym występujący głównie w wątrobie, drogach żółciowych, jelicie, nerkach, kościach. Zwiększona aktywność świadczy o nieprawidłowościach dotyczących danego narządu,0.00,270.00,0.00,270.00
Gamma-glutamylotranspeptydaza,GGTP,U/l,Gamma-glutamylotranspeptydaza to enzym występujący w błonie komórkowej wątroby, trzustki, nerek i jelit. Obecna we krwi ma pochodzenie głównie wątrobowe - służy do oceny uszkodzenia wątroby.,0.00,40.00,0.00,35.00
gastroskopia,,prawidłowe/nieprawidłowe,Badanie pozwalające wykryć za pomocą endoskopu zmiany chorobowe w obrębie przełyku, żołądka czy dwunastnicy, pobrać materiał do badań, a także przeprowadzić w trakcie różne zabiegi naprawcze,,,,
GFR,,ml/min,GFR to wielkość przesączania kłębuszkowego w nerkach. Jest to jeden z najważniejszych wskaźników czynności nerek.,60.00,90.00,60.00,90.00
glukoza na czczo,,mg/dl,Podstawowy związek energetyczny, niezbędny do funkcjonowania wszystkich komórek organizmu. ,60.00,100.00,60.00,100.00
glukoza przygodna,,mg/dl,Glukoza to podstawowy związek energetyczny, niezbędny do funkcjonowania wszystkich komórek organizmu. Przygodna glukoza to pomiar glikemii wykonany niezależnie od pory dnia i posiłku,60.00,100.00,60.00,100.00
HDL,,mg/dl,„dobry cholesterol” – transportuje cząsteczki cholesterolu do wątroby, gdzie jest zużywany do produkcji kwasów tłuszczowych,40.00,,50.00,
hemoglobina glikowana,HbA1C,%,Parametr Informujący o skuteczności leczenia cukrzycy - obrazuje średnie stężenie glukozy w ciągu 2–3 miesięcy poprzedzających badanie,0.00,7.00,0.00,7.00
Istotne czynniki ryzyka raka piersi,,pkt,Oprócz takich czynników jak płeć,wiek >50,wczesny wiek pierwszej i późny ostatniej miesiączki,bardzo wysokie ryzyko raka piersi mają kobiety obciążone genetycznie lub z wywiadem raka piersi w rodzinie,0.00,0.00,0.00,0.00
kolonoskopia,,prawidłowa/nieprawidłowa,Inwazyjne badanie, podczas którego za pomocą endoskopu (wziernika z kamerą na końcu) ocenia się jelito grube pod kątem zmian zapalnych czy nowotworowych,,,,
Komórki blastyczne,BLAST,%,"Prymitywne krwinki białe dające początek dojrzałym leukocytom. Prawidłowo występują tylko w szpiku kostnym.
Ich nadmierny patologiczny rozrost prowadzi do rozwoju białaczek.",0.00,0.00,0.00,0.00
kreatynina,,mg/dl,Kreatynina - substancja, powstająca w wyniku przemiany materii, głównie w mięśniach. Jej stężenie oznaczane we krwi wykorzystywane jest do oceny funkcji nerek. ,0.60,1.30,0.60,1.30
krew utajona w kale,,TAK/NIE,Taka ilość krwi w stolcu, która nie jest zauważalna gołym okiem, a jedynie w przeznaczonych do tego badaniach laboratoryjnych,0.00,0.00,0.00,0.00
Kryteria menopauzy,,pkt,Zestaw 2 pytań umożliwiających postawienie podejrzenia menopauzy u kobiety. Za każde pytanie można uzyskać 1 punkt.,,,1.00,1.00
kryteria Rotterdamskie,,pkt,Do rozpoznania PCOS wymagane jest spełnienie 2 z 3 kryteriów Rotterdamskich,,,0.00,1.00
Kryteria rzymskie,,pkt,"kryteria stosowane do rozpoznania zespołu jelita drażliwego, rozpoznanie IBS stawia się, gdy uzyska się >=5pkt",0.00,0.00,0.00,0.00
Kwastionariusz GAD7,,pkt,Kwestionariusz oceniający ryzyko występowania stanów lękowych. Przy prowadzeniu badań przesiewowych w kierunku zaburzeń lękowych zalecanym punktem odcięcia dla dalszej oceny jest wynik ≥10 punktów.,0.00,4.00,0.00,4.00
Kwestionariusz dotyczący zapalnego bólu pleców,,pkt,Kwestionariusz, który określa prawdopodobieństwo występowania bólu pleców na tle zapalnym (>=4pkt),0.00,3.00,0.00,3.00
kwestionariusz NoSAS,,pkt,Kwestionariusz NoSAS to prosty i łatwy w użyciu kwestionariusz pomocny w samodzielnym wykrywaniu zaburzeń oddychania w czasie snu ,0.00,7.00,0.00,7.00
Kwestionariusz PHQ9,,pkt,Kwestionariusz  9 pytań oceniający ryzyko występowania stanów depresyjnych. Wykorzystuje się go do wstępnego rozpoznawania depresji i monitorowania stanu pacjenta. Depresję sugerować może wynik >=5 pkt,0.00,4.00,0.00,4.00
Kwestionariusz ryzyka choroby nerek,,TAK,Pytania dotyczące najczęstszych objawów związanych z chorobami nerek.,0.00,1.00,0.00,1.00
kwestionariusz ryzyka uzależnienia od alkoholu,CAGE,pkt ,Ocenia ryzyko uzależnienia od alkoholu. Jedna odpowiedź na „TAK” budzi podejrzenie problemu alkoholowego, dwie lub więcej sugerują prawdopodobieństwo poważnych problemów alkoholowych,0.00,1.00,0.00,1.00
kwestionariusz STOP-Bang,,TAK/NIE,Kwestionariusz STOP- Bang to prosty i łatwy w użyciu kwestionariusz pomocny w samodzielnym wykrywaniu zaburzeń oddychania w czasie snu ,0.00,2.00,0.00,2.00
Kwestionariusz wypalenia zawodowego,,pkt,"Jest to wstępny kwestionariusz, który umożliwia ocenę występowania charakterystycznych objawów wypalenia zawodowego.",0.00,19.00,0.00,19.00
LDL,,mg/dl,tak zwany „zły cholesterol”. Transportuje cząsteczki cholesterolu z wątroby do tkanek. ,0.00,100.00,0.00,100.00
Magnez ,Mg,mmol/l,Magnez to obok potasu, sodu i wapnia jeden z głównych elektrolitów obecnych w organizmie człowieka. Odpowiada m.in. za skurcze mięśni, w tym mięśnia sercowego, oraz prawidłową aktywność wielu enzymów,0.65,1.20,0.65,1.20
mammografia,,prawidłowa/nieprawidłowa,Badaniem obrazowym wykorzystujące niewielką dawkę promieniowania rentgenowskiego wykonywane w celu wczesnego wykrycia zmian w obrębie piersi, szczególnie u kobiet powyżej 50rż.,,,,
Miesiączkowanie,,TAK/NIE,Miesiączkowanie jest jedną z oznak ogólnego dobrego stanu zdrowia kobiety i równowagi hormonalnej. Prawidłowo krwawienie miesięczne pojawia się średnio co 28 dni i trwa od 2 do 6 dni.,0.00,0.00,,
Mocznik,,mg/dl,Mocznik to substancja, która powstaje w wyniku metabolizmu białka. Służy do oceny czynności nerek.,15.00,40.00,15.00,40.00
%niedojrzałych granulocytów,,%,Niedojrzałe granulocyty - młodociane formy białych krwinek (leukocytów),0.00,0.30,0.00,0.30
Całkowita zdolność wiązania żelaza,TIBC,µg/ dl,Badanie całkowitej zdolności wiązania żelaza polega na obliczeniu, jak dużą ilość tego pierwiastka jest w stanie związać transferyna (przenośnik żelaza) zawarta w próbce krwi. ,250.00,400.00,250.00,400.00
Mutacja DNA - nowotwór piersi,,TAK/NIE,Badanie pod kątem obecności mutacji predysponujących do wystąpienia raka piersi i/lub jajnika (BRCA1, BRCA2),,,,
Mutacja założycielska,,TAK/NIE,Uszkodzenie DNA, wspólne dla niespokrewnionych osób, które dotyka konkretnego, dobrze znanego miejsca w genie. Wynik negatywny zmniejsza prawdopodobieństwo raka, jednak nie wyklucza jego wystąpienia!,,,,
Obfite krwawienie miesięczne,,TAK/NIE,Średnia utrata krwi podczas miesiączki wynosi 10–48 ml, u kobiet po 50. rż. ok. 6 ml więcej.,,,,
Objawy alarmowe bólu brzucha,,TAK/NIE,Lista objawów, których wystąpienie może wskazywać na schorzenia w obrębie jamy brzusznej wymagające pilnej interwencji lekarskiej,,,,
Objawy endometriozy,,TAK/NIE,Choroba najczęściej związana jest z nawracającymi, dotkliwymi bólami, a nieleczona może prowadzić do niepłodności i innych poważnych schorzeń. ,0.00,0.00,0.00,0.00
objawy hiperglikemii,,pkt,oddawanie dużych ilości moczu, wzmożone pragnienie, chudnięcie, kwasica, skłonność do ropnych zakażeń skóry lub układu moczowego                                                                    ,0.00,0.00,0.00,0.00
objawy menopauzy,,TAK/NIE,"Czy w ostatnim czasie zaobserwowałaś: uderzenia gorąca, nocne poty? Uczucie zmęczenia, drażliwość, obniżenie nastroju, pogorszenie koncentracji? Suchość pochwy, wzrost masy ciała?",,,,
objawy odmiedniczkowego zapalenia nerek,,TAK/NIE,Ocena występowania objawów odmiedniczkowego zapalenia nerek,0.00,0.00,0.00,0.00
objawy sugerujące bulimię,,TAK/NIE,Podstawowym objawem bulimii są epizody objadania się, które charakteryzują się jedzeniem dużej ilości pokarmu w krótkim czasie, ale nie tylko,0.00,0.00,0.00,0.00
objawy sugerujące raka przełyku,,TAK/NIE,,0.00,0.00,0.00,0.00
objawy sugerujące raka żołądka,,TAK/NIE,,0.00,0.00,0.00,0.00
Objawy sugerujące udar mózgu,,TAK/NIE,Lista objawów, których wystąpienie może wskazywać na udar mózgu,,,,
Objawy sugerujące zakrzepicę żylną,,TAK/NIE,Lista objawów, których wystąpienie może wskazywać na zakrzepicę żylną.,0.00,1.00,0.00,1.00
Objawy sugerujące zatorowość płucną,,TAK/NIE,Lista objawów, których wystąpienie może wskazywać na zatorowość płucną,0.00,1.00,0.00,1.00
Objawy sugerujące zawał serca,,TAK/NIE,Zawał serca można podejrzewać, gdy pojawiają się charakterystyczne objawy.,0.00,0.00,0.00,0.00
objawy sugerujące zespół jedzenia nocnego,,TAK/NIE,Zespół jedzenia nocnego (night eating syndrome) jest zjawiskiem opisywanym od niedawna jako odrębne zaburzenie z pogranicza zaburzeń odżywiania się i zaburzeń snu oraz aktywności dobowej. ,0.00,0.00,0.00,0.00
objawy sugerujące zespół kompulsywnego objadania się,,TAK/NIE,Trudności w kontrolowaniu ilości spożywanego pokarmu nie muszą wynikać z braku silnej woli - mogą być objawem zespołu kompulsywnego jedzenia, określanego jako uzależnienie od jedzenia,0.00,0.00,0.00,0.00
objawy zakażenia układu moczowego,,TAK/NIE,Ocena występowania objawów zakażenia układu moczowego,0.00,0.00,0.00,0.00
Odczyn Biernackiego,OB,mm/h,szybkość opadania erytrocytów po godzinie od pobrania krwi. Przyśpieszenie sugeruje np. aktywną infekcję, zwolnienie - niedobór albumin spowodowany np. marskością wątroby,3.00,15.00,1.00,10.00
Osad moczu - bakterie,,Brak/obecne,Obecność bakterii w moczu sugeruje zakażenie układu moczowego,,,,
Osad moczu - erytrocyty,,wpw,Obecność erytrocytów w moczu może świadczyć o krwawieniu w obrębie układu moczowego lub uszkodzeniu kłębuszków nerkowych czy zakażeniu układu moczowego,0.00,3.00,0.00,3.00
Osad moczu - leukocyty,,wpw,Obecność leukocytów w moczu może sugerować infekcję układu moczowego, w tym odmiedniczkowe zapalenie nerek,0.00,5.00,0.00,5.00
Osad moczu - nabłonki płaskie,,wpw,Nabłonki płaskie to komórki wyściełające pęcherz moczowy i cewkę moczową. Ich obecność sugeruje zakażenie tych odcinków dróg moczowych,3.00,5.00,3.00,5.00
Osad moczu - pasma śluzu,,Brak/obecne,Pasma śluzu w moczu mogą wskazywać na zakażenia układu moczowego lub narządów płciowych,,,,
Osad moczu - wałeczki erytrocytarne,,wpw,Obecność wałeczków erytrocytowych może sugerować uszkodzenie nerek, w tym kłębuszkowe zapalenie nerek,0.00,0.00,0.00,0.00
Osad moczu - wałeczki leukocytowe,,wpw,Obecność wałeczków leukocytowych może sugerować odmiedniczkowe zapalenie nerek,0.00,0.00,0.00,0.00
Osad moczu - wałeczki nabłonkowe,,wpw,Wałeczki nabłonkowe to wałeczki nabłonków złuszczających się z cewek nerkowych. Ich obecność w moczu może świadczyć o uszkodzeniu cewek nerkowych,0.00,0.00,0.00,0.00
Osad moczu - wałeczki szkliste,,wpw,Wałeczki szkliste składają się głównie z białka naturalnie wydzielanego przez nerki. Mogą występować u osób zdrowych po wysiłku lub w czasie wysokiej gorączki,0.00,3.00,0.00,3.00
Osad moczu - wałeczki ziarniste,,wpw,Obecność wałeczków ziarnistych może świadczyć o chorobie nerek, w tym kłębuszkowym zapaleniu nerek.,0.00,0.00,0.00,0.00
P-LCR,,%,Odsetek dużych płytek we krwi w badanej próbce. ,13.00,43.00,13.00,43.00
Potas,K,mmol/l,Potas jest, obok sodu, magnezu i wapnia, jednym z głównych elektrolitów obecnych w organizmie człowieka. Prawidłowy poziom zapewnia m.in. prawidłową funkcję mięśni, układu nerwowego i krążenia.,3.50,5.10,3.50,5.10
Potencjalne przyczyny otyłości i nadwagi,,,Otyłość i nadwaga mają wiele przyczyn - zaliczyć do nich można czynniki genetyczne, środowiskowe (dieta, aktywność fizyczna), zaburzenia hormonalne czy efekt uboczny przyjmowanych leków.,,,,
Predyspozycje rodzinne do chorób nowotworowych,,TAK/NIE,Kwestionariusz zawierający pytania dotyczące rodzinnej historii występowania nowotworów, w tym raka piersi i/lub jajnika.,,,,
PSA,,ng/ml,Enzym produkowany tylko przez gruczoł krokowy. Występuje w jego komórkach, a z wiekiem jego stężenie zwiększa się. Zbyt duży wzrost powinien  skłaniać do głębszej diagnostyki, w tym raka prostaty.,0.00,4.00,0.00,0.00
Regularne miesiączkowanie,,,Miesiączkowanie jest jedną z oznak ogólnego dobrego stanu zdrowia kobiety i równowagi hormonalnej. Prawidłowo krwawienie miesięczne pojawia się średnio co 28 dni i trwa od 2 do 6 dni.,,,,
Retikulocyty,RET,promile,Młode erytrocyty. Ich niedobór świadczy o dysfunkcji szpiku, gdzie powstają, nadmiar - o stanie wymagającym zwiększonej produkcji krwinek czerwonych, np. krwawieniu ,5.00,15.00,5.00,15.00
Rozmaz manualny - bazofile,%BASO,%,Rozmaz manualny, inaczej ręczny, to ocena próbki krwi pod mikroskopem w celu szczegółowej oceny ilości i wyglądu komórek,0.00,3.00,0.00,3.00
Rozmaz manualny - eozynofile,%EOS,%,Rozmaz manualny, inaczej ręczny, to ocena próbki krwi pod mikroskopem w celu szczegółowej oceny ilości i wyglądu komórek,1.00,5.00,1.00,5.00
Rozmaz manualny - komórki blastyczne,%BLAST,%,Rozmaz manualny, inaczej ręczny, to ocena próbki krwi pod mikroskopem w celu szczegółowej oceny ilości i wyglądu komórek,0.00,0.00,0.00,0.00
Rozmaz manualny - limfocyty,%LYMPH,%,Rozmaz manualny, inaczej ręczny, to ocena próbki krwi pod mikroskopem w celu szczegółowej oceny ilości i wyglądu komórek,15.00,40.00,15.00,40.00
Rozmaz manualny - monocyty,%MONO,%,Rozmaz manualny, inaczej ręczny, to ocena próbki krwi pod mikroskopem w celu szczegółowej oceny ilości i wyglądu komórek,2.00,8.00,2.00,8.00
Rozmaz manualny - neutrofile,%NEUT,%,Rozmaz manualny, inaczej ręczny, to ocena próbki krwi pod mikroskopem w celu szczegółowej oceny ilości i wyglądu komórek,45.00,75.00,45.00,75.00
Samobadanie jąder,,Prawidłowe/nieprawidłowe,"1. Oceń wielkość symetrię, strukturę i konsystencję. 2. Sprawdź czy w obrębie jąder wyczuwasz zgrubienie, bolesność, obrzęk albo zmiany o charakterze guza. 3. Sprawdź, czy w mosznie obecny jest płyn.",,,0.00,0.00
samobadanie piersi,,Prawidłowe/ Nieprawidłowe,"1. Obserwuj piersi przed lustrem stojąc z uniesionymi rękami 2. Przeciwną ręką badaj pierś okrężnymi ruchami 3. Połóż się na plecach i sprawdź obie piersi jak wyżej",,,,
SCORE,,%,Kalkulator służący do oceny ryzyka sercowo-naczyniowego. Bierze pod uwagę wiek >40rż, płeć, palenie papierosów, ciśnienie skurczowe oraz cholesterol całkowity.,,,,
Selen,Se,mcg/l,Selen to pierwiastek śladowy niezbędny do prawidłowego funkcjonowania organizmu. Uważa się, że jego niedobór wiąże się m.in. ze zwiększonym ryzykiem wystąpienia nowotworów, w tym raka piersi.,50.00,120.00,50.00,120.00
Sód,Na,mmol/l,Sód to obok potasu, magnezu i wapnia, jeden z głównych elektrolitów obecnych w organizmie człowieka. Główną rolą jest kontrola objętości płynów pozakomórkowych i utrzymanie równowagi kwasowo-zasadowej,138.00,145.00,138.00,145.00
stężenie mikroelementów,,w normie/ poza normą,Badania wykazały, że niedobór lub nadmiar mikroelementów jak selen, cynk, arsen, kadm, ołów i miedź) może wiązać się z niektórymi nowotworami, w tym płuc, jelita grubego, krtani, żołądka i trzustki.,,,,
Test fragerstroma,,pkt,test oceniający stopień uzależnienia od nikotyny,0.00,0.00,0.00,0.00
Test gotowości do zaprzestania palenia,,Numer odpowiedzi,Test oceniający gotowość osoby uzależnionej od palenia do rzucenia nawyku: 1. Nie chcę rzucić palenia, 2.Chcę zaprzestać palenie w ciągu 6 miesięcy, 3. chcę zaprzestać palenie w przeciągu miesiąca,1.00,2.00,1.00,2.00
Test motywacji do zaprzestania palenia,,pkt,Test oceniający siłę motywacji uzależnionego od palenia do zaprzestania nałogu,7.00,12.00,7.00,12.00
test w kierunku COVID-19,,dodatni/ujemny,Na rynku dostępne są dwa najbardziej popularne rodzaje testów w kierunku infekcji Covid-19 – antygenowy i PCR. Dodatni wynik któregoś z nich świadczy o infekcji Covid-19,,,,
Testosteron,,ng/l,Testosteron to jeden najważniejszych męskich hormonów płciowych. Wspiera m.in. wzrost masy i rozmiarów mięśni, rozwój męskiego owłosienia ciała, utrzymanie prawidłowych funkcji seksualnych. ,50.00,210.00,0.00,8.50
Tętno,HR,uderzeń/min,Tętno to pulsowanie ścian tętnicy wywołane falą przepływającej przez nie krwi. Tętno można wyczuć, przykładając palce w miejscach, gdzie tętnice przebiegają płytko pod skórą (np. na nadgarstku, szyi).,60.00,100.00,60.00,100.00
Trójglicerydy,,mg/dl,Podstawowa forma magazynowania kwasów tłuszczowych w organizmie oraz główne źródłem energii. Nadmiar może zwiększać ryzyko sercowo-naczyniowe oraz ryzyko ostrego zapalenia trzustki,0.00,150.00,0.00,150.00
Tyreotropina,TSH,µU/ml,TSH jest hormonem produkowanym przez przysadkę mózgową, który pobudza tarczycę do produkcji i wydzielania hormonów tarczycy- trójjodotyroniny (T3) i tyroksyny (T4).,0.23,4.00,0.23,4.00
usg piersi,,prawidłowe / nieprawidłowe,Nieinwazyjne badanie do obrazowej oceny nieprawidłowości w piersiach,,,,
usg przezpochwowe,,prawidłowe/nieprawidłowe,USG ginekologiczne wykonywane sondą nie przez brzuch, a pochwę. Za pomocą badania można ocenić narządy w miednicy mniejszej.,,,,
Wapń,Ca,mg/dl,Wapń to obok potasu, magnezu i sodu jeden z głównych elektrolitów obecnych w organizmie człowieka. Jest głównym budulcem kości, jest również odpowiedzialny za przewodnictwo nerwowe oraz skurcz mięśni.,8.60,10.00,8.60,10.00
witamina D3,,ng/ml,Główną rolą witaminy D jest utrzymywanie odpowiedniego poziomu wapnia w organizmie, aby utrzymać prawidłową strukturę kości. Odgrywa również rolę w odpowiedzi immunologicznej organizmu.,20.00,50.00,20.00,50.00
Wolna trijodotyronina,fT3,pmol/l,Trijodotyronina to hormon produkowany przez tarczycę. W celu oceny stężenia jego aktywnej postaci we krwi oznacza się jego tzw. wolną frakcję, która nie jest związana z białkami transportowymi. ,4.00,7.80,4.00,7.80
wolna tyroksyna,fT4,pmol/l,Tyroksyna to hormon produkowany przez tarczycę. W celu oceny stężenia aktywnej postaci hormonu we krwi oznacza się tzw. wolną frakcję tego hormonu, która nie jest związana z białkami transportowymi,11.80,24.60,11.80,24.60
Wskazania do hospitalizacji w przypadku infekcji Covid-19,,pkt,Covid-19 to choroba zakaźna układu oddechowego wywołana zakażeniem wirusem SARS-CoV-2. W niektórych przypadkach istnieje konieczność hospitalizacji,0.00,0.00,0.00,0.00
Wskazania do operacji bariatrycznej,,,W związku z tym, że zabiegi bariatryczne są inwazyjnymi procedurami walki z otyłością, konieczne jest spełnienie pewnych kryteriów oraz brak przeciwwskazań do zabiegu.,,,,
Wskaźnik masy ciała,BMI,kg/m2,BMI oblicza się, dzieląc masę ciała (w kilogramach) przez wzrost do kwadratu. Wykorzystuje się go przede wszystkim do oceny stopnia otyłości,18.50,24.90,18.50,24.90
Żelazo,Fe,µg/dl,Żelazo jest składnikiem hemoglobiny – białka występującego w czerwonych krwinkach, odpowiadającego za transport tlenu z płuc do wszystkich komórek organizmu.,50.00,170.00,50.00,170.00
Agranulocytoza to znaczne zmniejszenie liczby podtypu krwinek białych - neutrofili.,,,,,,,
Znacznie obniżona liczbaneutrofilów bardzo negatywnie wpływa na odporność i predysponuje do licznych i groźnych infekcji. Związana może być z wcześniej stosowanymi lekami (przeciwzapalne,,,,,,,
psychiatryczne). Do rzadszych przyczyn obniżonej liczby neutrofilii należą choroby szpiku kostnego.,,,,,,,
Rozmaz manualny - schistocyty,,Jednostka,Schistocyty to fragmenty krwinek czerwonych, które powstają  w wyniku ich mechanicznego uszkodzenia,0.00,0.00,0.00,0.00
Rozmaz manualny - leukoerytroblastostoza,,Jednostka,Leukoerytroblastoza to pojawienie się we krwi obwodowej młodych form komórek linii granulocytarnej i młodych krwinek czerwonych,0.00,0.00,0.00,0.00
kwas foliowy,,ng/ml,Kwas foliowy jest niezbędny do prawidłowego wzrostu i funkcjonowania wszystkich komórek w ciele, a także w procesie tworzenia erytrocytów - niedobór może prowadzić do niedokrwistości makrocytarnej,3.10,17.50,3.10,17.50
witamina B12,,pg/ml,Witamina B12 odgrywa ważną rolę w powstawaniu erytrocytów oraz funkcjonowaniu układu nerwowego. Niedobór może prowadzić do niedokrwistości makrocytarnej oraz zaburzeń neurologicznych,197.00,771.00,197.00,771.00
rozmaz manualny - rulonizacja erytrocytów,,obecne/nieobecne,Rulonizacja erytrocytów to widoczne pod mikroskopem zwijanie się i przyleganie do siebie krwinek czerwonych, spowodowane opłaszczeniem erytrocytów przez immunoglobuliny,0.00,0.00,0.00,0.00
cynk,,μg/dl,Cynk jest pierwiastkiem śladowym, niezbędnym do prawidłowego funkcjonowania organizmu człowieka, funkcjonowania układu odpornościowego i poprawnego gojenia się ran.,70.00,120.00,70.00,120.00
